<?xml version="1.0" encoding="UTF-8" ?>
<!DOCTYPE configuration
  PUBLIC "-//mybatis.org//DTD Config 3.0//EN"
  "https://mybatis.org/dtd/mybatis-3-config.dtd">
<configuration>
  <!-- 주석 -->
   
   <!--  jdbc.properties 등록 -->
   <properties resource="com/config/jdbc.properties"></properties>
   
   <typeAliases>
      <typeAlias alias="MemberDTO" type="com.dto.MemberDTO"/>
      <typeAlias alias="GoodsDTO" type="com.dto.GoodsDTO"/>
      <typeAlias alias="CartDTO" type="com.dto.CartDTO"/>
   </typeAliases>
  
  <environments default="development">
    <environment id="development">
      <transactionManager type="JDBC"/>
      <dataSource type="POOLED">
        <property name="driver" value="${jdbc.driver}"/>
        <property name="url" value="${jdbc.url}"/>
        <property name="username" value="${jdbc.username}"/>
        <property name="password" value="${jdbc.password}"/>
      </dataSource>
    </environment>
  </environments>
  <mappers>
    <mapper resource="com/config/MemberMapper.xml"/>
    <mapper resource="com/config/GoodsMapper.xml"/>
    <mapper resource="com/config/CartMapper.xml"/>
  </mappers>
</configuration>