<?xml version="1.0" encoding="UTF-8" ?>
<!DOCTYPE mapper
  PUBLIC "-//mybatis.org//DTD Mapper 3.0//EN"
  "https://mybatis.org/dtd/mybatis-3-mapper.dtd">
  
<mapper namespace="DeptMapper">

  <select id="findAll" resultType="DeptDTO">
    select deptno, dname, loc
    from dept
    order by deptno
  </select>
  
  <select id="findByDeptno" 
  	resultType="DeptDTO" 
  	parameterType="int">
    select deptno,
           substr(dname,0) as dname, 
           loc
    from dept
    where deptno = #{deptno}
  </select>
   <insert id="addDept" 
  	    parameterType="DeptDTO">
  	    insert into dept ( deptno, dname, loc )
  	    values ( #{deptno}, #{dname} , #{loc})
  	</insert>
  	<update id="updateDept" 
     parameterType="hashmap">
        update dept
        set dname=#{dname} , loc=#{loc}
        where deptno=#{deptno}
    </update>
  
    <delete id="deleteDept" 
       parameterType="int">
        delete from dept
        where deptno=#{deptno}
    </delete>
</mapper>