<?xml version="1.0" encoding="UTF-8" ?>
<!DOCTYPE configuration
  PUBLIC "-//mybatis.org//DTD Config 3.0//EN"
  "https://mybatis.org/dtd/mybatis-3-config.dtd">
<configuration>
  <!-- 주석 -->
   
   <typeAliases>
      <typeAlias alias="StudentDTO" type="com.dto.StudentDTO"/>
   </typeAliases>
  
  <environments default="development">
    <environment id="development">
      <transactionManager type="JDBC"/>
      <dataSource type="POOLED">
        <property name="driver" value="oracle.jdbc.driver.OracleDriver"/>
        <property name="url" value="jdbc:oracle:thin:@localhost:1521:xe"/>
        <property name="username" value="workshop"/>
        <property name="password" value="workshop"/>
      </dataSource>
    </environment>
  </environments>
  <mappers>
    <mapper resource="com/config/StduentMapper.xml"/>
  </mappers>
</configuration>