<?xml version="1.0" encoding="UTF-8" ?>
<!DOCTYPE mapper
  PUBLIC "-//mybatis.org//DTD Mapper 3.0//EN"
  "https://mybatis.org/dtd/mybatis-3-mapper.dtd">
  
<mapper namespace="DeptMapper">

  <select id="findAllPage" resultType="DeptDTO">
    select deptno, dname, loc
    from dept
    order by deptno
  </select>

  <select id="findAll" resultType="DeptDTO">
    select deptno, dname, loc
    from dept
  </select>
  
  <select id="findByDeptno" 
  	resultType="DeptDTO" 
  	parameterType="int">
    select deptno,
           substr(dname,0) as dname, 
           loc
    from dept
    where deptno = #{deptno}
  </select>
  
  <select id="findByDeptnoAndDname" 
  resultType="DeptDTO" 
  parameterType="DeptDTO" >
   <![CDATA[
    select deptno, dname, loc
    from dept 
    where deptno < #{deptno} or dname like '%'||#{dname}||'%'
    ]]>
  </select>
  
  <select id="findByDeptnoAndDnameMap" 
  resultType="DeptDTO" 
  parameterType="hashmap" >
    select deptno, dname, loc
    from dept 
    where deptno = #{xxx} or dname=#{yyy}
  </select>
  
  
  
  
  
</mapper>